<?xml version="1.0" encoding="UTF-8"?>
<GenRun Id="impl_1" LaunchPart="xc7z020clg484-1" LaunchTime="1477915482">
  <File Type="OPT-DCP" Name="pos_seg7_ctrl_opt.dcp"/>
  <File Type="RUN-CONSTRS" Name="$PDATADIR/runs/impl_1/constrs_in.xml"/>
  <File Type="RUN-SRCS" Name="$PDATADIR/runs/impl_1/sources.xml"/>
  <File Type="PWROPT-DCP" Name="pos_seg7_ctrl_pwropt.dcp"/>
  <File Type="ROUTE-DCP" Name="pos_seg7_ctrl_routed.dcp"/>
  <File Type="PA-TCL" Name="pos_seg7_ctrl.tcl"/>
  <File Type="RUN-STRAT" Name="$PDATADIR/runs/impl_1/impl_1.psg"/>
  <File Type="OPT-DRC" Name="pos_seg7_ctrl_drc_opted.rpt"/>
  <File Type="PWROPT-DRC" Name="pos_seg7_ctrl_drc_pwropted.rpt"/>
  <File Type="OPT-HWDEF" Name="pos_seg7_ctrl.hwdef"/>
  <File Type="PLACE-DCP" Name="pos_seg7_ctrl_placed.dcp"/>
  <File Type="PLACE-IO" Name="pos_seg7_ctrl_io_placed.rpt"/>
  <File Type="PLACE-CLK" Name="pos_seg7_ctrl_clock_utilization_placed.rpt"/>
  <File Type="PLACE-UTIL" Name="pos_seg7_ctrl_utilization_placed.rpt"/>
  <File Type="PLACE-UTIL-PB" Name="pos_seg7_ctrl_utilization_placed.pb"/>
  <File Type="PLACE-CTRL" Name="pos_seg7_ctrl_control_sets_placed.rpt"/>
  <File Type="PLACE-SIMILARITY" Name="pos_seg7_ctrl_incremental_reuse_placed.rpt"/>
  <File Type="PLACE-PRE-SIMILARITY" Name="pos_seg7_ctrl_incremental_reuse_pre_placed.rpt"/>
  <File Type="POSTPLACE-PWROPT-DCP" Name="pos_seg7_ctrl_postplace_pwropt.dcp"/>
  <File Type="PHYSOPT-DCP" Name="pos_seg7_ctrl_physopt.dcp"/>
  <File Type="RDI-RDI" Name="pos_seg7_ctrl.vdi"/>
  <File Type="PHYSOPT-DRC" Name="pos_seg7_ctrl_drc_physopted.rpt"/>
  <File Type="ROUTE-DRC" Name="pos_seg7_ctrl_drc_routed.rpt"/>
  <File Type="ROUTE-DRC-PB" Name="pos_seg7_ctrl_drc_routed.pb"/>
  <File Type="ROUTE-PWR" Name="pos_seg7_ctrl_power_routed.rpt"/>
  <File Type="ROUTE-PWR-SUM" Name="pos_seg7_ctrl_power_summary_routed.pb"/>
  <File Type="ROUTE-STATUS" Name="pos_seg7_ctrl_route_status.rpt"/>
  <File Type="ROUTE-STATUS-PB" Name="pos_seg7_ctrl_route_status.pb"/>
  <File Type="ROUTE-TIMINGSUMMARY" Name="pos_seg7_ctrl_timing_summary_routed.rpt"/>
  <File Type="ROUTE-TIMING-PB" Name="pos_seg7_ctrl_timing_summary_routed.pb"/>
  <File Type="ROUTE-TIMING-RPX" Name="pos_seg7_ctrl_timing_summary_routed.rpx"/>
  <File Type="ROUTE-SIMILARITY" Name="pos_seg7_ctrl_incremental_reuse_routed.rpt"/>
  <File Type="ROUTE-CLK" Name="pos_seg7_ctrl_clock_utilization_routed.rpt"/>
  <File Type="POSTROUTE-PHYSOPT-DCP" Name="pos_seg7_ctrl_postroute_physopt.dcp"/>
  <File Type="POSTROUTE-PHYSOPT-TIMING" Name="pos_seg7_ctrl_timing_summary_postroute_physopted.rpt"/>
  <File Type="POSTROUTE-PHYSOPT-TIMING-PB" Name="pos_seg7_ctrl_timing_summary_postroute_physopted.pb"/>
  <File Type="POSTROUTE-PHYSOPT-TIMING-RPX" Name="pos_seg7_ctrl_timing_summary_postroute_physopted.rpx"/>
  <File Type="BG-BIT" Name="pos_seg7_ctrl.bit"/>
  <File Type="BG-BIN" Name="pos_seg7_ctrl.bin"/>
  <File Type="BITSTR-MSK" Name="pos_seg7_ctrl.msk"/>
  <File Type="BITSTR-RBT" Name="pos_seg7_ctrl.rbt"/>
  <File Type="BITSTR-NKY" Name="pos_seg7_ctrl.nky"/>
  <File Type="BITSTR-BMM" Name="pos_seg7_ctrl_bd.bmm"/>
  <File Type="BITSTR-MMI" Name="pos_seg7_ctrl.mmi"/>
  <File Type="BITSTR-SYSDEF" Name="pos_seg7_ctrl.sysdef"/>
  <File Type="BG-BGN" Name="pos_seg7_ctrl.bgn"/>
  <File Type="BG-DRC" Name="pos_seg7_ctrl.drc"/>
  <File Type="WBT-USG" Name="usage_statistics_webtalk.html"/>
  <FileSet Name="sources" Type="DesignSrcs" RelSrcDir="$PSRCDIR/sources_1">
    <Filter Type="Srcs"/>
    <File Path="$PPRDIR/../pos_meas.vhd">
      <FileInfo>
        <Attr Name="UsedIn" Val="synthesis"/>
        <Attr Name="UsedIn" Val="simulation"/>
      </FileInfo>
    </File>
    <File Path="$PPRDIR/../decoder.vhd">
      <FileInfo>
        <Attr Name="UsedIn" Val="synthesis"/>
        <Attr Name="UsedIn" Val="simulation"/>
      </FileInfo>
    </File>
    <File Path="$PPRDIR/../p_ctrl.vhd">
      <FileInfo>
        <Attr Name="UsedIn" Val="synthesis"/>
        <Attr Name="UsedIn" Val="simulation"/>
      </FileInfo>
    </File>
    <File Path="$PPRDIR/../clkdiv.vhd">
      <FileInfo>
        <Attr Name="UsedIn" Val="synthesis"/>
        <Attr Name="UsedIn" Val="simulation"/>
      </FileInfo>
    </File>
    <File Path="$PPRDIR/../rstsynch.vhd">
      <FileInfo>
        <Attr Name="UsedIn" Val="synthesis"/>
        <Attr Name="UsedIn" Val="simulation"/>
      </FileInfo>
    </File>
    <File Path="$PPRDIR/../CRU.vhd">
      <FileInfo>
        <Attr Name="UsedIn" Val="synthesis"/>
        <Attr Name="UsedIn" Val="simulation"/>
      </FileInfo>
    </File>
    <File Path="$PPRDIR/../pos_ctrl.vhd">
      <FileInfo>
        <Attr Name="UsedIn" Val="synthesis"/>
        <Attr Name="UsedIn" Val="simulation"/>
      </FileInfo>
    </File>
    <File Path="$PPRDIR/../seg7ctrl.vhd">
      <FileInfo>
        <Attr Name="UsedIn" Val="synthesis"/>
        <Attr Name="UsedIn" Val="simulation"/>
      </FileInfo>
    </File>
    <File Path="$PPRDIR/../pos_seg7_ctrl.vhd">
      <FileInfo>
        <Attr Name="UsedIn" Val="synthesis"/>
        <Attr Name="UsedIn" Val="simulation"/>
      </FileInfo>
    </File>
    <Config>
      <Option Name="DesignMode" Val="RTL"/>
      <Option Name="TopModule" Val="pos_seg7_ctrl"/>
      <Option Name="TopAutoSet" Val="TRUE"/>
    </Config>
  </FileSet>
  <FileSet Name="constrs_in" Type="Constrs" RelSrcDir="$PSRCDIR/constrs_1">
    <Filter Type="Constrs"/>
    <File Path="$PSRCDIR/constrs_1/new/constraints.xdc">
      <FileInfo>
        <Attr Name="UsedIn" Val="synthesis"/>
        <Attr Name="UsedIn" Val="implementation"/>
      </FileInfo>
    </File>
    <Config>
      <Option Name="TargetConstrsFile" Val="$PSRCDIR/constrs_1/new/constraints.xdc"/>
      <Option Name="ConstrsType" Val="XDC"/>
    </Config>
  </FileSet>
  <Strategy Version="1" Minor="2">
    <StratHandle Name="Vivado Implementation Defaults" Flow="Vivado Implementation 2015"/>
    <Step Id="init_design"/>
    <Step Id="opt_design"/>
    <Step Id="power_opt_design"/>
    <Step Id="place_design"/>
    <Step Id="post_place_power_opt_design"/>
    <Step Id="phys_opt_design"/>
    <Step Id="route_design"/>
    <Step Id="post_route_phys_opt_design"/>
    <Step Id="write_bitstream"/>
  </Strategy>
</GenRun>
